Accuracy,Precision,Recall,F1-score
0.8156424581005587,0.7887323943661971,0.7567567567567568,0.7724137931034483
